FIRST NAME,LAST NAME,STREET ADDRESS,ADDRESS 2,ZIP ,CITY,STATE,TYPE OF RESIDENCE,EMAIL ADDRESS,PRIMARY PHONE,Primary isCell,Primary allowText,SECONDARY PHONE,Secondary isCell,Secondary allowText,EMERGENCY CONTACT NAME,EMERGENCY CONTACT PHONE,RELATIONSHIP TO CLIENT,MOBILITY ASSISTANCE,OTHER LIMITATIONS,CAR HEIGHT NEEDED,SERVICE ANIMAL,BREED,SIZE,OXYGEN,ALLERGIES,PICK UP INSTRUCTIONS,COMMENTS,Date Enrolled ,CLIENT STATUS,temp date,LIVE ALONE,MONTH & YEAR OF BIRTH,M/F,HOW DID THEY HEAR ABOUT US?,Data1_ClientName,Data2,Data3
Dorothy,Wilson,56 Beech Hill Rd,,14620,Rochester,NY,house,,147-6677,,,715-3181,Y,,LindaBarrera,625-9557,daughter,cane,,low;med;high,N,,,N,,,,8/1/2025,Temporary Thru,3/20/2026,Y,1/1941,F,lifespan,Dorothy Wilson,,
Mary,Garner,52 Hornbeam Ln,,14625,Penfield,NY,house,mary_garner@gmail.com,302-4705,,,,,,JayGarner,670-318-4671,son,alum walker,,high,N,,,N,,,,4/2/2018,Active,,Y,6/1948,F,word of mouth,Mary Garner,,
Loretta,Jones,56 Saybrooke Dr,,14625,Penfield,NY,house,,148-8508,Y,,465-262-3794,,,HaroldJones,761-7364,son,cane,,low;med;high,N,,,N,,,,10/15/2024,Active,,Y,7/1944,F,JCC,Loretta Jones,,
Sandra,Powell,78 Burt La Fountain Rd,,14623,Rochester,NY,house,sandra_powell@rochester.rr.com,524-435-9518,,,,,,DavidPowell,711-377-7115,husband, ,,low;med;high,N,,,N,,,,1/18/2017,Active,,Y,5/1944,F,,Sandra Powell,,
Linda,Reyes,2360 E Squire Dr,Apt. 10,14610,Rochester,NY,apt,linda_reyes@gmail.com,948-7823,Y,Y,,,,MarleneReyes,371-5839,daughter,cane,,med;high,Y,lab,70,N,,,has car; doesn't drive long distances,10/15/2019,Active,,Y,12/1940,F,Linden Knoll Staff,Linda Reyes,,
Anita,Hall,153 French Creek Dr,Apt. 7,14620,Rochester,NY,apt,anita_hall@yahoo.com,322-1749,,,,,,DianeHall,409-3969,daughter, ,no voicemail,low;med;high,N,,,N,,,has car; doesn't drive in winter,12/15/2024,Active,,N,12/1948,F,,Anita Hall,,
Esther,Morgan,197 French Meadows Ln,,14618,Rochester,NY,mobile home,esther_morgan@outlook.com,190-4024,,,,,,WalterMorgan,205-5688,son, ,phone before 5,low;med;high,N,,,N,,,emergency contact books appts,9/12/2018,Active,,Y,5/1947,F,word of mouth,Esther Morgan,,
Nancy,Martin,128 Berman St,,14620,Rochester,NY,house,nancy_martin@outlook.com,199-3557,,,,,,DaleMartin,653-5658,son,alum walker,,high,N,,,N,,,,1/27/2019,Active,,Y,11/1941,F,,Nancy Martin,,
Sandra,Eaton,102 Brentwood Dr,,14625,Penfield,NY,townhouse,,808-7266,,,,,,EdwardEaton,663-7418,son, ,,low;med;high,N,,,N,,,,3/1/2017,Active,,Y,2/1941,F,word of mouth,Sandra Eaton,,
Joanne,Hernández,51 Hornbeam Ln,,14625,Penfield,NY,house,joanne_hernández@outlook.com,316-1726,,,,,,SandraRoss,230-8117,daughter,alum walker,no voicemail,low,N,,,N,,,has car; doesn't drive long distances,4/23/2025,Temporary Thru,8/13/2025,Y,2/1950,F,Penfield Rec,Joanne Hernández,,
Jo,Williams,74 Mountain Pond Rd,Apt. 46,14620,Rochester,NY,apt,,242-821-2025,,,,,,ArthurWilliams,442-8865,lifespan coordinator, ,difficulty hearing,low;med;high,N,,,N,,,,1/4/2017,Active,,Y,2/1948,F,Penfield Rec,Jo Williams,,
Kay,Green,404 Edgevale Rd,,14620,Rochester,NY,house,,437-4384,,,,,,JohnGreen,756-3718,lifespan coordinator,alum walker,,low;med;high,Y,poodle,40,N,,,,11/28/2021,Active,,Y,6/1945,F,Linden Knoll Staff,Kay Green,,
Barbara,Stevenson,360 Burt La Fountain Rd,,14610,Rochester,NY,townhouse,barbara_stevenson@outlook.com,208-6140,Y,Y,,,,JeromeStevenson,321-193-1521,lifespan coordinator, ,,low;med;high,N,,,N,,,,6/27/2018,Active,,N,8/1946,F,word of mouth,Barbara Stevenson,,
Barbara,Li,62 Hunters Ln,,14610,Rochester,NY,condo,barbara_li@gmail.com,969-453-9137,Y,Y,906-6547,,,LeonardLi,215-3404,son,cane,difficulty hearing,low;med;high,N,,,N,,,,7/6/2020,Active,,Y,3/1945,F,lifespan,Barbara Li,,
Larry,Andrews,108 Village Wood Ln,Apt. 79,14625,Penfield,NY,apt,larry_andrews@outlook.com,731-349-7989,Y,Y,,,,CarolJones,738-9487,daughter,alum walker,poor vision,low;med;high,N,,,N,,,,9/2/2021,Active,,N,10/1937,M,word of mouth,Larry Andrews,,
Ellen,Cruz,55 Belvue Ct,,14625,Penfield,NY,house,ellen_cruz@gmail.com,424-727-8868,,,,,,JosephCruz,967-855-2571,son, ,,low;med;high,N,,,N,cats;dogs,,,9/26/2019,Active,,N,6/1944,F,,Ellen Cruz,,
Diane,Phillips,70 N Brook Rd,,14623,Rochester,NY,house,,121-651-9088,Y,Y,,,,LynneJones,177-2452,daughter, ,phone before 5,high,N,,,N,,,,1/9/2017,Active,,Y,8/1941,F,JCC,Diane Phillips,,
Rosemary,Peterson,475 Chateau Square,Apt. 20,14623,Rochester,NY,apt,,626-5200,Y,Y,,,,KathleenBaker,279-4217,friend, ,,low;med;high,N,,,Y,cats,,,10/25/2017,Active,,Y,2/1951,F,Penfield Rec,Rosemary Peterson,,
Diana,Carlson,163 Avonmore Way,,14625,Penfield,NY,house,,246-2801,,,,,,MichaelCarlson,947-3056,son,alum walker,,med;high,N,,,Y,,"park at entrance, lights flashing",has car; doesn't drive long distances,8/29/2023,Active,,N,8/1944,F,BriPen Driver,Diana Carlson,,
Karen,Wang,505 Meadowlark Dr,,14625,Penfield,NY,house,karen_wang@outlook.com,235-5036,Y,,,,,HarveyWang,210-172-5062,son,alum walker,,low;med;high,N,,,N,cats,,,5/3/2024,Active,,Y,7/1939,F,Linden Knoll Staff,Karen Wang,,
Brenda,Gordon,286 Highledge Dr,,14625,Penfield,NY,house,brenda_gordon@yahoo.com,607-6691,Y,Y,,,,MinnieDay,536-2298,wife,heavy walker w. seat,,low;med;high,N,,,N,,,,5/1/2020,Active,,Y,10/1948,F,word of mouth,Brenda Gordon,,
Janice,Palmer,49 Brandon Woods Dr,,14610,Rochester,NY,house,,830-7087,Y,,,,,StevenPalmer,585-3358,lifespan coordinator,heavy walker w. seat,,med;high,N,,,N,,,,9/11/2021,Active,,Y,2/1950,F,,Janice Palmer,,
Martha,Bailey,60 N Brook Rd,,14623,Rochester,NY,house,,101-9428,Y,Y,,,,SandraKelley,451-5628,friend, ,,high,N,,,N,,,emergency contact books appts,10/31/2018,Active,,Y,3/1938,F,lifespan,Martha Bailey,,
Dorothy,King,968 Mainview Dr,,14625,Penfield,NY,house,dorothy_king@yahoo.com,424-4804,,,,,,DonaldKing,645-2994,lifespan coordinator, ,difficulty hearing;poor vision,high,N,,,N,,,,2/12/2020,Active,,Y,10/1941,F,,Dorothy King,,
Steven,Joseph,83 Jackson Road Exn,Apt. 51,14625,Penfield,NY,apt,steven_joseph@rochester.rr.com,404-8308,Y,,762-9615,,,WilliamJoseph,570-866-1522,son,alum walker,,high,N,,,N,,,over 90,9/18/2020,Active,,Y,5/1934,M,BriPen Driver,Steven Joseph,,
Karen,Sanders,68 French Meadows Ln,,14610,Rochester,NY,house,karen_sanders@rochester.rr.com,764-629-4415,,,,,,SandraButler,881-537-5762,wife,cane,,low;med;high,N,,,N,smoke,,,1/27/2025,Active,,Y,12/1942,F,Penfield Rec,Karen Sanders,,
Joan,Foley,134 Dale Rd E,,14620,Rochester,NY,house,,860-2802,Y,Y,,,,JaniceLowery,640-434-6812,daughter, ,poor vision,low;med;high,N,,,N,,,,2/1/2022,Active,,N,12/1939,F,Penfield Rec,Joan Foley,,
Phyllis,Brown,149 Rock Hill Rd,Apt. 3,14618,Rochester,NY,apt,,120-744-6013,,,,,,PatriciaPrice,659-3836,daughter,alum walker,,low;med;high,N,,,N,,,,10/24/2018,Inactive,,Y,11/1941,F,lifespan,Phyllis Brown,,
Loretta,Ayala,561 Timber Glen Trail,,14625,Penfield,NY,house,,663-5041,Y,Y,,,,ShirleyThompson,298-907-9113,daughter,heavy walker,,low;med;high,N,,,N,,,has car; doesn't drive in winter,1/10/2017,Active,,Y,10/1942,F,Linden Knoll Staff,Loretta Ayala,,
Lillie,McKay,139 Berman St,,14620,Rochester,NY,house,lillie_mckay@outlook.com,454-3797,,,,,,ThomasMcKay,243-921-8458,lifespan coordinator,heavy walker w. seat,,med,N,,,N,,,,8/8/2021,Active,,Y,5/1947,F,Brochure,Lillie McKay,,
Lee,Ramírez,305 Elmwood Terrace,,14610,Rochester,NY,house,,327-9095,Y,,,,,RoyRamírez,571-7714,son, ,difficulty hearing;poor vision,high,N,,,Y,dogs,,prefers front seat,3/21/2025,Active,,Y,7/1945,M,Brochure,Lee Ramírez,,
Jill,Stewart,65 Cadence Ct,,14625,Penfield,NY,house,jill_stewart@outlook.com,185-3136,,,,,,RolandStewart,933-9718,son,heavy walker w. seat,,med;high,N,,,N,,,emergency contact books appts,4/17/2023,Active,,Y,1/1943,F,word of mouth,Jill Stewart,,
Joyce,Baker,122 Pine Brook Cir,Apt. 54,14625,Penfield,NY,apt,joyce_baker@gmail.com,699-546-3747,Y,Y,108-1833,,,GaryBaker,520-3417,niece,cane,no voicemail,med;high,N,,,Y,,,over 90,8/31/2019,Inactive,,Y,8/1932,F,,Joyce Baker,,
Sylvia,Sheppard,352 Valley Crescent,,14610,Rochester,NY,house,sylvia_sheppard@rochester.rr.com,184-775-4110,Y,Y,,,,GarySheppard,510-8423,son, ,difficulty hearing,low;med;high,N,,,N,,"park at entrance, lights flashing",,10/18/2017,Active,,N,10/1952,F,Linden Knoll Staff,Sylvia Sheppard,,
Lynne,Mejía,51 Qramp,,14610,Rochester,NY,house,,928-6318,Y,Y,,,,DianaNixon,313-2343,daughter, ,poor vision,low;med;high,N,,,N,,,emergency contact books appts,2/14/2017,Active,,Y,4/1950,F,JCC,Lynne Mejía,,
William,Murillo,52 Mountain Pond Rd,,14618,Rochester,NY,house,william_murillo@rochester.rr.com,691-2291,,,,,,CatherineHansen,162-6972,daughter,heavy walker w. seat,,med;high,N,,,N,cats,,Lifespan books appts,6/6/2021,Active,,N,6/1944,M,word of mouth,William Murillo,,
Robert,McIntyre,140 Locust Hill Apartment,Apt. 34,14610,Rochester,NY,apt,robert_mcintyre@outlook.com,807-705-6439,,,,,,DianaPadilla,983-713-3242,wife, ,,low;med;high,N,,,N,,,,4/10/2025,Temporary Thru,11/27/2025,N,10/1949,M,word of mouth,Robert McIntyre,,
Betty,Rosales,66 Renwick Run,Apt. 95,14625,Penfield,NY,apt,,793-7453,,,,,,BarbaraRosales,452-1261,daughter, ,,med;high,N,,,N,cats,,,12/18/2017,Active,,Y,8/1944,F,Brochure,Betty Rosales,,
Judith,Moore,297 Knoll Top Dr,,14618,Rochester,NY,house,judith_moore@gmail.com,347-6136,,,,,,FrankMoore,321-890-7239,lifespan coordinator,cane,,low;med;high,N,,,N,,,,9/14/2021,Inactive,,Y,4/1942,F,,Judith Moore,,
Juanita,Wilson,60 Peak Hill Dr,Apt. 89,14625,Penfield,NY,apt,juanita_wilson@rochester.rr.com,297-4045,Y,,,,,JamesWilson,982-4929,son,alum walker,,low;med;high,N,,,N,,,,9/4/2017,Active,,Y,3/1938,F,Brochure,Juanita Wilson,,
Brenda,Santiago,69 Columbus Crossing,,14625,Penfield,NY,house,brenda_santiago@yahoo.com,861-7132,,,825-2586,Y,Y,GloriaWilson,725-6267,daughter, ,,low;med;high,N,,,N,,,,7/1/2021,Active,,Y,4/1949,F,,Brenda Santiago,,
Clara,Parker,140 W Squire Dr,Apt. 16,14623,Rochester,NY,apt,,127-2536,Y,Y,,,,WarrenParker,546-9163,lifespan coordinator,heavy walker w. seat,,low;med;high,N,,,N,,,,8/4/2024,Active,,Y,1/1944,F,,Clara Parker,,
Carolyn,Livingston,440 Summit Cir Dr,Apt. 55,14618,Rochester,NY,apt,carolyn_livingston@rochester.rr.com,658-6041,Y,Y,,,,FrancisLivingston,168-225-1741,son,alum walker,,low;med;high,N,,,N,,,emergency contact books appts,2/22/2024,Active,,Y,3/1949,F,Penfield Rec,Carolyn Livingston,,
Jack,Mendoza,385 Summer Glen Dr,,14625,Penfield,NY,house,,572-6747,,,,,,AndreaLuna,147-3839,daughter,cane,difficulty hearing,low;med;high,N,,,N,,,,7/6/2023,Active,,N,10/1951,M,Brighton Rec,Jack Mendoza,,
Ellen,Ruiz,212 Park Cir,Apt. 76,14610,Rochester,NY,apt,ellen_ruiz@rochester.rr.com,365-9096,Y,Y,,,,NancyAnderson,141-7101,daughter, ,,med;high,N,,,N,,,,11/4/2023,Active,,N,11/1947,F,Brighton Rec,Ellen Ruiz,,
Sally,Daniel,111 Maple Hill Farm Rd,,14625,Penfield,NY,house,sally_daniel@outlook.com,717-4221,Y,Y,,,,DennisDaniel,691-3827,nephew,alum walker,,med;high,N,,,N,,,has car; doesn't drive in winter,6/13/2022,Active,,Y,6/1951,F,,Sally Daniel,,
Larry,Hernández,445 Cobblestone Crossing,Apt. 82,14625,Penfield,NY,apt,larry_hernández@outlook.com,493-461-5040,,,672-548-4889,,,WilmaMartin,832-187-3538,friend, ,,high,N,,,N,cats,,,6/12/2019,Active,,Y,12/1939,M,Penfield Rec,Larry Hernández,,
Nancy,Turner,66 Abbotswood Crescent,,14625,Penfield,NY,house,nancy_turner@rochester.rr.com,282-1631,Y,Y,,,,RogerTurner,407-8823,sister, ,difficulty hearing,low;med;high,N,,,N,,,prefers front seat,10/26/2022,Active,,Y,1/1947,F,word of mouth,Nancy Turner,,
Philip,Gallegos,250 Westfield Cmns,,14625,Penfield,NY,townhouse,,121-992-7407,Y,Y,,,,ErnestGallegos,718-5939,son,alum walker,,low;med;high,N,,,N,,,,2/14/2022,Active,,N,6/1936,M,Linden Knoll Staff,Philip Gallegos,,
Sandra,Myers,80 Spring Side Ln,Apt. 42,14625,Penfield,NY,apt,,674-9077,,,,,,JohnnyMyers,140-5048,son,alum walker,,high,N,,,Y,,,Lifespan books appts,5/14/2024,Active,,Y,7/1939,F,,Sandra Myers,,
Cynthia,Dixon,58 E Squire Dr,Apt. 5,14623,Rochester,NY,apt,,237-553-2506,Y,,,,,GlenDixon,598-202-6211,son, ,,low;med;high,N,,,N,,,has car; doesn't drive in winter,3/4/2018,Active,,N,10/1950,F,JCC,Cynthia Dixon,,
Edna,Howell,61 Landon Pkwy,,14623,Rochester,NY,mobile home,,469-7460,,,,,,RalphHowell,113-637-2478,son,alum walker,,med;high,N,,,N,,,,4/23/2024,Active,,Y,4/1942,F,,Edna Howell,,
Larry,Lloyd,173 Pinnacle Hill Rd,,14623,Rochester,NY,house,larry_lloyd@gmail.com,575-7338,,,,,,JerryLloyd,512-849-3247,husband,alum walker,,med;high,N,,,N,,,prefers front seat,12/1/2021,Active,,Y,10/1939,M,word of mouth,Larry Lloyd,,
Sandra,Smith,51 Mckenna Trail,,14625,Penfield,NY,house,sandra_smith@yahoo.com,746-479-8144,Y,Y,,,,BarbaraSmith,131-698-5132,daughter, ,difficulty hearing,low;med;high,Y,mixed,50,N,,,,12/3/2024,Active,,Y,12/1949,F,Brighton Rec,Sandra Smith,,
Tom,Moreno,133 Rockhurst Dr,,14625,Penfield,NY,house,tom_moreno@yahoo.com,127-6062,,,,,,DennisMoreno,678-7325,son,alum walker,,low;med;high,N,,,N,,,,11/7/2017,Active,,Y,6/1945,M,word of mouth,Tom Moreno,,
Mary,Lee,49 Clintwood Ct,Apt. 8,14620,Rochester,NY,apt,mary_lee@rochester.rr.com,879-9783,Y,Y,,,,GailCarter,944-874-9105,daughter,alum walker,difficulty hearing,high,N,,,N,,,Lifespan books appts,6/27/2025,Active,,Y,8/1954,F,word of mouth,Mary Lee,,
Paula,Jackson,350 Country Ln,Apt. 15,14625,Penfield,NY,apt,paula_jackson@rochester.rr.com,746-4880,Y,Y,,,,AnnJackson,623-175-7611,daughter, ,difficulty hearing,low;med;high,N,,,N,,,,5/6/2020,Active,,Y,11/1944,F,lifespan,Paula Jackson,,
Ronnie,Torres,109 Beaver Ln,,14610,Rochester,NY,house,,683-1381,,,708-3561,Y,,RaymondTorres,931-7729,son,heavy walker w. seat,,low;med;high,N,,,N,,,,8/7/2025,Temporary Thru,10/9/2025,Y,12/1942,M,word of mouth,Ronnie Torres,,
Jimmie,Williams,67 Valley Crescent,,14620,Rochester,NY,house,jimmie_williams@yahoo.com,776-5484,Y,,474-4283,,,BobbyWilliams,431-3943,son, ,,med,N,,,N,,Park outside garage,,10/17/2017,Active,,Y,4/1946,M,Linden Knoll Staff,Jimmie Williams,,
Betty,Black,186 Greystone Ln,,14618,Rochester,NY,house,,267-901-9891,,,,,,EugeneBlack,582-2602,son,cane,,low;med;high,N,,,N,,Park outside garage,,7/19/2017,Active,,Y,1/1952,F,JCC,Betty Black,,
Barbara,Smith,100 Knollbrook Rd,,14610,Rochester,NY,house,,356-3472,Y,,876-9759,,,JosephineDuarte,824-6762,daughter,alum walker,,low;med;high,N,,,N,,,emergency contact books appts,7/2/2018,Active,,Y,7/1938,F,Penfield Rec,Barbara Smith,,
Phyllis,Miller,151 Maybrooke Rd,,14610,Rochester,NY,house,,480-8699,Y,Y,,,,JohnnyMiller,393-276-1653,lifespan coordinator, ,,high,N,,,N,smoke;cats,,,9/19/2022,Active,,Y,2/1947,F,Linden Knoll Staff,Phyllis Miller,,
Diane,Castro,463 Fairhaven Rd,,14620,Rochester,NY,house,diane_castro@yahoo.com,843-9553,,,235-8072,,,JoanSaunders,525-4157,wife, ,,high,N,,,N,,,,8/3/2021,Active,,Y,6/1941,F,Brochure,Diane Castro,,
Kenneth,Zhang,65 Maple Hill Farm Rd,Apt. 98,14625,Penfield,NY,apt,kenneth_zhang@yahoo.com,193-6647,Y,,,,,DonaldZhang,592-911-4544,sister,alum walker,,low;med;high,N,,,N,cats,"park at entrance, lights flashing",,5/11/2025,Temporary Thru,10/26/2025,Y,5/1939,M,Brighton Rec,Kenneth Zhang,,
Gloria,Villa,75 Sanders Farm Dr,,14625,Penfield,NY,townhouse,,956-5840,Y,,540-2260,,,RichardVilla,253-4954,son,alum walker,,low;med;high,N,,,N,,"park at entrance, lights flashing",over 90,5/3/2023,Active,,Y,6/1934,F,Brighton Rec,Gloria Villa,,
Darlene,Cantú,49 Maybrooke Rd,Apt. 28,14620,Rochester,NY,apt,,773-7384,,,363-468-9975,,,DanielCantú,536-5163,son, ,no voicemail,med,N,,,N,,,prefers front seat,9/20/2017,Inactive,,Y,3/1947,F,,Darlene Cantú,,
Helen,Williams,262 Songbird Ln,,14618,Rochester,NY,mobile home,helen_williams@outlook.com,662-7874,,,,,,CalvinWilliams,957-6931,son,cane,,low;med;high,N,,,N,,,,5/20/2019,Active,,Y,11/1940,F,word of mouth,Helen Williams,,
Linda,Garcia,75 Harway Dr,Apt. 55,14625,Penfield,NY,apt,linda_garcia@gmail.com,623-610-9249,,,,,,TerryMills,307-1716,daughter,alum walker,,med;high,N,,,N,,,has car; doesn't drive in winter,7/4/2022,Active,,Y,7/1945,F,Brochure,Linda Garcia,,
Anna,Flores,55 Glendonwood Dr,,14625,Penfield,NY,mobile home,,636-2219,,,,,,BeverlyCervantes,602-687-7295,friend, ,,med;high,N,,,N,,,prefers front seat,10/19/2021,Active,,Y,1/1947,F,Penfield Rec,Anna Flores,,
Norma,Taylor,59 Washington Dr,,14610,Rochester,NY,house,norma_taylor@yahoo.com,284-9416,Y,,,,,EdithStone,968-8768,wife,heavy walker w. seat,,low;med;high,N,,,N,,,,4/5/2024,Active,,Y,9/1942,F,Brochure,Norma Taylor,,
Walter,Rodríguez,121 Penfield Center Rd,Apt. 99,14625,Penfield,NY,apt,,899-3833,,,273-4917,,,PatriciaJones,745-1056,daughter, ,difficulty hearing,med;high,N,,,N,,phone when you arrive,,10/2/2024,Inactive,,Y,7/1948,M,word of mouth,Walter Rodríguez,,
Joan,Cruz,250 Fairhaven Rd,,14618,Rochester,NY,house,joan_cruz@rochester.rr.com,263-1970,,,,,,MaryWoods,658-8957,daughter,alum walker,phone before 5,med,N,,,Y,,,emergency contact books appts,12/31/2022,Active,,Y,4/1949,F,,Joan Cruz,,
Judith,Russell,62 Lac De Ville Blvd,Apt. 100,14620,Rochester,NY,apt,,264-1270,Y,Y,,,,HowardRussell,966-5504,sister,heavy walker w. seat,difficulty hearing,low,N,,,N,,,has car; doesn't drive long distances,8/20/2020,Active,,N,9/1945,F,,Judith Russell,,
Betty,Brown,130 Rainbow Rd,,14610,Rochester,NY,house,betty_brown@rochester.rr.com,419-5761,,,,,,MarthaMcGee,657-529-9620,daughter, ,,med;high,Y,lab,70,N,,,Lifespan books appts,7/31/2022,Active,,Y,1/1945,F,Penfield Rec,Betty Brown,,
Gerald,Monroe,3731 Golden Locust Cir,Apt. 65,14625,Penfield,NY,apt,,638-8274,Y,Y,,,,LindaDavis,107-597-7690,daughter,large alum walker,,high,N,,,N,,,has car; doesn't drive long distances,11/13/2021,Active,,Y,2/1949,M,BriPen Driver,Gerald Monroe,,
William,Ortega,49 Clintwood Ct,Apt. 96,14610,Rochester,NY,apt,,292-225-5976,,,,,,RebeccaGonzalez,171-260-6949,friend, ,,high,N,,,N,,,prefers front seat,2/2/2024,Active,,N,8/1944,M,,William Ortega,,
Sharon,Hernández,59 Easy St,Apt. 77,14623,Rochester,NY,apt,sharon_hernández@yahoo.com,746-846-4402,,,,,,MatthewHernández,271-158-2360,nephew,alum walker,difficulty hearing,low;med;high,N,,,N,,,,9/16/2018,Active,,N,3/1950,F,JCC,Sharon Hernández,,
Pamela,Myers,543 Willowview Dr,Apt. 100,14625,Penfield,NY,apt,,863-7590,Y,Y,,,,PatriciaMyers,610-625-1041,daughter, ,,med,N,,,N,,,,9/20/2019,Active,,Y,1/1944,F,BriPen Driver,Pamela Myers,,
Gladys,Williams,67 Ambiance Way,Apt. 64,14623,Rochester,NY,apt,,370-7810,,,,,,ArthurWilliams,685-1321,son,heavy walker w. seat,,med,N,,,N,,"park at entrance, lights flashing",has car; doesn't drive long distances,5/21/2024,Active,,N,1/1944,F,word of mouth,Gladys Williams,,
Norma,Taylor,136 Courtshire Ln,,14625,Penfield,NY,house,,611-392-1423,,,,,,JerryTaylor,134-5450,niece, ,,med;high,N,,,N,,,over 90;has car; doesn't drive long distances,12/6/2022,Inactive,,Y,2/1934,F,Linden Knoll Staff,Norma Taylor,,
Carole,Wade,118 Clintwood Apartment,,14623,Rochester,NY,house,carole_wade@gmail.com,762-139-3351,Y,Y,,,,LesterWade,724-2020,niece,heavy walker w. seat,,low,N,,,N,cats,,,9/7/2018,Active,,Y,9/1944,F,,Carole Wade,,
David,Gonzalez,82 Jenkins Mountain Rd,Apt. 43,14610,Rochester,NY,apt,,222-808-8036,,,690-598-5787,,,MichaelGonzalez,206-4606,lifespan coordinator,heavy walker w. seat,,low;med;high,N,,,N,,,,2/6/2018,Active,,Y,1/1940,M,,David Gonzalez,,
Donna,Jordan,56 Blue Pine Cir,,14625,Penfield,NY,house,donna_jordan@outlook.com,198-1414,,,,,,CarolynMills,742-410-6052,daughter,alum walker,,med,N,,,N,,,,6/3/2025,Temporary Thru,2/3/2026,Y,1/1946,F,,Donna Jordan,,
Ellen,Bell,83 Middleton Ln,Apt. 2,14625,Penfield,NY,apt,ellen_bell@outlook.com,251-995-4640,Y,Y,,,,MaryHarper,782-421-9988,daughter, ,,high,N,,,N,,,,9/5/2024,Active,,Y,7/1948,F,Brochure,Ellen Bell,,
Elizabeth,Wright,357 Shadow Pines Dr,Apt. 32,14625,Penfield,NY,apt,,573-5842,,,,,,KarenBest,441-9212,wife,alum walker,,low;med;high,N,,,N,,"park at entrance, lights flashing",,2/10/2021,Active,,Y,6/1946,F,Brighton Rec,Elizabeth Wright,,
Helen,Payne,3435 Sylvia Rd,Apt. 23,14620,Rochester,NY,apt,,423-1113,,,,,,GeraldPayne,276-138-4837,lifespan coordinator,alum walker,,low;med;high,N,,,N,,,prefers front seat,11/13/2021,Active,,N,7/1951,F,Penfield Rec,Helen Payne,,
Alice,Morrow,88 Old Barn Cir,Apt. 79,14625,Penfield,NY,apt,,759-2682,,,,,,PhilipMorrow,250-3879,son, ,,med;high,N,,,N,,,,7/10/2020,Active,,Y,12/1950,F,Internet,Alice Morrow,,
Billie,Valencia,69 Jones Pond Rd,Apt. 32,14623,Rochester,NY,apt,billie_valencia@gmail.com,711-9275,Y,Y,416-4537,,,RichardValencia,526-7832,husband,alum walker,,low;med;high,N,,,N,,,,12/25/2017,Active,,Y,5/1941,F,Linden Knoll Staff,Billie Valencia,,
Regina,Parker,106 French Meadows Ln,Apt. 30,14623,Rochester,NY,apt,,307-8269,Y,,,,,MichaelParker,471-434-2453,son,alum walker,phone before 5,low;med;high,N,,,N,,,,2/16/2020,Active,,Y,1/1945,F,word of mouth,Regina Parker,,
Martha,Miller,71 Burt La Fountain Rd,,14620,Rochester,NY,townhouse,,503-2773,,,,,,EdwinMiller,433-8150,son, ,,high,N,,,N,cats,,,6/22/2019,Active,,Y,11/1944,F,lifespan,Martha Miller,,
Paulette,Valencia,54 Havens Rd,,14620,Rochester,NY,mobile home,,675-788-4150,Y,Y,,,,PhillipValencia,394-826-9353,lifespan coordinator, ,,low;med;high,N,,,N,dogs,,,11/3/2024,Active,,Y,8/1944,F,Internet,Paulette Valencia,,
Janie,Simpson,1458 Johnsarbor Dr,,14610,Rochester,NY,house,janie_simpson@yahoo.com,489-2247,,,716-5139,,,EvaMoore,794-1972,wife,alum walker,,high,N,,,N,cats,,Lifespan books appts,12/14/2022,Active,,Y,5/1945,F,Penfield Rec,Janie Simpson,,
Carol,Pérez,2132 Suburban Ct,,14618,Rochester,NY,house,carol_pérez@rochester.rr.com,924-7993,Y,,,,,MaryVance,842-2239,daughter, ,,low;med;high,N,,,N,,,has car; doesn't drive long distances,9/30/2022,Active,,N,7/1949,F,BriPen Driver,Carol Pérez,,
Mary,Nava,80 Linear Park Dr,,14625,Penfield,NY,house,,835-6038,,,552-358-9570,,,MaryMoreno,341-3929,wife, ,,low;med;high,N,,,N,cats,,,11/23/2021,Active,,N,8/1950,F,word of mouth,Mary Nava,,
Sarah,Romero,92 Alder Ln,,14625,Penfield,NY,house,sarah_romero@outlook.com,485-7602,Y,Y,,,,DorothyHaynes,992-5220,daughter,alum walker,,med,N,,,N,,,,1/2/2022,Active,,Y,11/1945,F,word of mouth,Sarah Romero,,
Katherine,Howell,78 Whitestone Ln N,Apt. 98,14618,Rochester,NY,apt,,517-5590,,,,,,DavidHowell,703-6519,son, ,,low;med;high,N,,,N,,,emergency contact books appts,7/6/2025,Active,,Y,10/1942,F,,Katherine Howell,,
William,Wyatt,495 French Meadows Ln,Apt. 18,14618,Rochester,NY,apt,,554-210-9619,,,,,,RonnieWyatt,621-5263,son,heavy walker w. seat,,low,N,,,N,dogs,,,6/30/2024,Active,,N,12/1942,M,,William Wyatt,,
Janet,Gonzalez,78 Sanders Farm Dr,,14625,Penfield,NY,house,janet_gonzalez@gmail.com,236-9534,,,,,,MarshallGonzalez,683-387-6829,lifespan coordinator, ,,low;med;high,N,,,N,cats,,,3/21/2025,Temporary Thru,5/16/2025,Y,6/1942,F,Brochure,Janet Gonzalez,,
Rodney,May,52 Mallory Ln,Apt. 26,14625,Penfield,NY,apt,rodney_may@outlook.com,185-2881,,,,,,CalvinMay,867-5806,son,cane,,low;med;high,N,,,N,,,has car; doesn't drive in winter,9/16/2022,Active,,Y,6/1950,M,lifespan,Rodney May,,
Mary,Bernard,176 David Rd,,14620,Rochester,NY,townhouse,,982-5362,,,,,,JohnBernard,715-3171,son, ,,low;med;high,N,,,N,,,emergency contact books appts,5/15/2025,Temporary Thru,7/10/2025,Y,9/1938,F,JCC,Mary Bernard,,
Irene,Gutiérrez,340 Shaftsbury Rd,,14618,Rochester,NY,house,,719-350-3773,,,,,,PaulGutiérrez,519-5077,son, ,,low;med;high,N,,,N,,,prefers front seat,5/22/2017,Active,,Y,12/1943,F,,Irene Gutiérrez,,
Sharon,Miller,67 Snowberry Cir,Apt. 47,14625,Penfield,NY,apt,,879-835-6957,,,,,,JackieMiller,563-3570,daughter, ,,med,N,,,N,cats,"park at entrance, lights flashing",emergency contact books appts,3/29/2025,Temporary Thru,9/20/2025,Y,2/1946,F,Penfield Rec,Sharon Miller,,
David,Johnson,592 Brookshire Ln,Apt. 20,14625,Penfield,NY,apt,david_johnson@yahoo.com,472-1243,Y,,,,,MartinJohnson,302-7031,lifespan coordinator, ,phone before 5,low;med;high,N,,,N,,,,1/24/2023,Active,,Y,4/1941,M,Brighton Rec,David Johnson,,
Carol,Kelley,293 Watson Hulbert Rd,,14625,Penfield,NY,house,,965-4574,Y,,,,,SusanBarrett,200-1149,friend,cane,,low;med;high,N,,,N,,,has car; doesn't drive long distances,3/16/2018,Active,,Y,5/1942,F,Penfield Rec,Carol Kelley,,
Mildred,Jones,64 Knoll Top Dr,Apt. 54,14618,Rochester,NY,apt,,142-331-2237,,,,,,HaroldJones,524-3670,niece,alum walker,,low;med;high,N,,,N,,"park at entrance, lights flashing",Lifespan books appts,8/14/2025,Temporary Thru,2/5/2026,Y,6/1947,F,Penfield Rec,Mildred Jones,,
Mary,Smith,607 Easy St,,14623,Rochester,NY,house,mary_smith@rochester.rr.com,971-7368,Y,Y,,,,MarySmith,347-8298,daughter,heavy walker w. seat,,low;med;high,N,,,N,cats,Park outside garage,emergency contact books appts,8/17/2021,Active,,Y,2/1952,F,word of mouth,Mary Smith,,
Judy,Morse,362 Duffield Rd,,14620,Rochester,NY,house,,689-4284,Y,,918-6491,,,JoeMorse,637-379-3718,son,alum walker,,med;high,N,,,N,,,,11/1/2021,Active,,Y,5/1943,F,Penfield Rec,Judy Morse,,
Sharon,Bryant,63 Clintwood Dr,,14618,Rochester,NY,house,sharon_bryant@gmail.com,421-7830,,,,,,JamesBryant,652-1179,son, ,,low;med;high,N,,,N,,,,3/23/2018,Active,,Y,10/1946,F,Linden Knoll Staff,Sharon Bryant,,
Mary,Stephens,88 Empress Ct,,14625,Penfield,NY,house,,857-2285,,,,,,KathleenRodríguez,250-3339,daughter, ,no voicemail,med,N,,,N,smoke,phone when you arrive,,8/31/2019,Active,,N,4/1945,F,,Mary Stephens,,
Sara,Mejía,105 Woodland Hill,,14625,Penfield,NY,house,sara_mejía@rochester.rr.com,704-2114,Y,,,,,TimothyMejía,487-4116,son,cane,no voicemail,low;med;high,N,,,N,,,,4/11/2021,Active,,Y,7/1946,F,Brighton Rec,Sara Mejía,,
Ann,Williams,446 W Squire Dr,Apt. 78,14623,Rochester,NY,apt,ann_williams@gmail.com,857-906-7889,,,,,,BettyWilliams,830-7953,daughter,alum walker,,low,N,,,Y,,,,2/24/2022,Active,,N,10/1942,F,lifespan,Ann Williams,,
Wanda,Wilson,162 Songbird Ln,,14618,Rochester,NY,condo,,380-7221,,,,,,LillieWilson,679-6483,daughter, ,,low;med;high,N,,,N,,,,10/7/2024,Active,,Y,2/1946,F,word of mouth,Wanda Wilson,,
Harry,Carpenter,63 Random Knolls Dr,,14625,Penfield,NY,house,harry_carpenter@yahoo.com,436-3425,Y,Y,770-3725,,,NancyCarpenter,103-113-7958,daughter, ,,low,N,,,N,,,,4/9/2018,Active,,Y,8/1946,M,Brochure,Harry Carpenter,,
Annie,Peterson,164 Easy St,,14623,Rochester,NY,townhouse,,840-3520,,,,,,RebeccaPeterson,981-3806,daughter,alum walker,,med;high,N,,,N,,,has car; doesn't drive long distances,6/29/2022,Active,,Y,6/1941,F,Penfield Rec,Annie Peterson,,
Judith,Morton,78 Astor Dr,Apt. 46,14618,Rochester,NY,apt,,602-9334,,,,,,GaryMorton,987-4790,son,heavy walker w. seat,no voicemail,med;high,N,,,N,,,,5/29/2024,Active,,Y,11/1937,F,Brochure,Judith Morton,,
Elizabeth,Patterson,130 Valley Green Cir,Apt. 29,14625,Penfield,NY,apt,elizabeth_patterson@yahoo.com,793-7187,Y,,,,,FrancisPatterson,931-4847,niece, ,difficulty hearing,low;med;high,N,,,N,dogs,,has car; doesn't drive long distances,10/20/2018,Active,,Y,2/1941,F,,Elizabeth Patterson,,
Patricia,Moore,85 Northern Dr,Apt. 23,14620,Rochester,NY,apt,,941-8549,Y,,,,,RobertMoore,776-783-7540,son,alum walker,no voicemail,low;med;high,N,,,N,,,,4/20/2018,Active,,N,5/1941,F,lifespan,Patricia Moore,,
Barbara,López,217 Washington Dr,,14610,Rochester,NY,mobile home,barbara_lópez@gmail.com,183-3020,Y,,,,,TerryLópez,455-4730,husband, ,,high,N,,,N,,,Lifespan books appts,8/30/2020,Active,,Y,1/1945,F,,Barbara López,,
Sandra,DeLeon,328 Henderson Dr,Apt. 16,14625,Penfield,NY,apt,,166-6619,,,,,,StevenDeLeon,353-5967,son,alum walker,,low;med;high,N,,,N,,,,5/31/2025,Temporary Thru,11/15/2025,Y,8/1945,F,,Sandra DeLeon,,
Steven,Zamora,169 Brandt Point Dr,,14625,Penfield,NY,house,steven_zamora@gmail.com,764-3180,,,328-1964,,,TommyZamora,455-7306,son, ,,low,N,,,N,,,,4/30/2017,Active,,Y,1/1944,M,Brochure,Steven Zamora,,
Barbara,Pérez,1024 Glendonwood Dr,Apt. 1,14625,Penfield,NY,apt,,377-8824,,,,,,KennethPérez,607-198-9656,son,alum walker,no voicemail;difficulty hearing,med;high,N,,,N,,,,5/26/2022,Active,,N,2/1957,F,Brighton Rec,Barbara Pérez,,
Philip,McDonald,50 Hillary Ln,,14625,Penfield,NY,townhouse,,519-3509,Y,,,,,JudithPatterson,324-520-4807,daughter, ,,med;high,N,,,N,,,prefers front seat,9/9/2021,Active,,Y,12/1949,M,Linden Knoll Staff,Philip McDonald,,
Sharon,Rodríguez,149 Duffield Rd,,14618,Rochester,NY,house,,122-6413,Y,Y,,,,KarenBauer,740-5924,daughter, ,,low;med;high,N,,,N,,Park outside garage,,1/23/2024,Active,,Y,1/1945,F,Brighton Rec,Sharon Rodríguez,,
Helen,Haynes,209 Friendly Home,,14620,Rochester,NY,house,,476-802-3162,,,,,,RichardHaynes,397-8296,son,heavy walker w. seat,,med;high,N,,,N,,,over 90,5/10/2024,Active,,Y,10/1933,F,Brochure,Helen Haynes,,
Linda,Bryant,57 Northern Dr,,14623,Rochester,NY,house,,920-664-4961,Y,,,,,RobertBryant,748-8090,son, ,,low;med;high,N,,,N,,,,6/10/2019,Active,,Y,8/1942,F,Linden Knoll Staff,Linda Bryant,,
Mary,Schmidt,59 Brandt Point Dr,,14625,Penfield,NY,house,mary_schmidt@rochester.rr.com,639-4677,,,,,,CynthiaAguilar,677-2078,friend,alum walker,,med;high,N,,,N,,,,9/27/2020,Active,,Y,3/1940,F,Linden Knoll Staff,Mary Schmidt,,
Barbara,Wise,254 Spring Side Ln,Apt. 80,14625,Penfield,NY,apt,barbara_wise@yahoo.com,800-7686,,,,,,RaymondWise,455-1156,son,alum walker,,low;med;high,N,,,N,,,,5/14/2019,Active,,N,1/1946,F,word of mouth,Barbara Wise,,
Marilyn,Adams,309 Pine Brook Cir,,14625,Penfield,NY,mobile home,,572-9478,,,,,,RogerAdams,508-3874,son, ,,low;med;high,N,,,N,,,,9/23/2023,Active,,Y,5/1942,F,JCC,Marilyn Adams,,
Lynne,Carter,51 Sylvia Rd,,14618,Rochester,NY,house,lynne_carter@yahoo.com,745-1906,Y,Y,,,,BarbaraMcKenzie,377-1293,daughter, ,no voicemail,med,N,,,N,,,has car; doesn't drive long distances,1/18/2021,Active,,Y,4/1944,F,word of mouth,Lynne Carter,,
Willard,Dixon,222 Rock Hill Rd,,14618,Rochester,NY,townhouse,willard_dixon@outlook.com,765-222-5216,Y,Y,,,,LoisHull,269-266-8487,daughter,alum walker,,med,N,,,N,,,,3/17/2019,Active,,N,12/1949,M,BriPen Driver,Willard Dixon,,
Linda,McDonald,599 Songbird Ln,Apt. 16,14620,Rochester,NY,apt,,259-5855,,,,,,MargieMcDonald,729-9195,daughter,heavy walker w. seat,,low;med;high,N,,,N,,,has car; doesn't drive in winter,1/11/2023,Active,,Y,5/1950,F,lifespan,Linda McDonald,,
Charles,Avila,78 Pamela Ln,Apt. 76,14620,Rochester,NY,apt,,411-6408,,,,,,MaryMeyer,126-7771,daughter, ,,low;med;high,N,,,N,,phone when you arrive,,2/6/2024,Active,,Y,10/1939,M,,Charles Avila,,
Carol,Howell,55 Valley Green Dr,,14625,Penfield,NY,house,carol_howell@rochester.rr.com,936-1261,Y,,759-4116,,,DavidHowell,660-4529,son,heavy walker w. seat,,high,N,,,N,,,,5/12/2018,Active,,N,1/1943,F,word of mouth,Carol Howell,,
Barbara,Walters,125 Northern Dr,,14620,Rochester,NY,house,,645-345-2151,,,,,,CharlesWalters,778-696-3578,nephew, ,,med;high,N,,,N,,,,7/12/2019,Active,,Y,6/1941,F,,Barbara Walters,,
Laura,Payne,86 Leonard Crescent,Apt. 54,14625,Penfield,NY,apt,,265-2209,,,,,,AllenPayne,934-1639,husband, ,no voicemail;difficulty hearing,med;high,N,,,N,cats,,,2/19/2025,Active,,Y,12/1947,F,word of mouth,Laura Payne,,
Linda,Grant,66 Samson Dr,Apt. 4,14625,Penfield,NY,apt,,666-549-7154,Y,Y,,,,ErnestGrant,213-1078,lifespan coordinator, ,,low;med;high,N,,,N,smoke,,emergency contact books appts,10/10/2022,Active,,N,1/1944,F,BriPen Driver,Linda Grant,,
Valerie,House,58 Easy St,,14620,Rochester,NY,townhouse,,615-2460,Y,,894-1160,,,RalphHouse,876-6246,husband, ,,med,N,,,N,,,,7/13/2023,Active,,Y,11/1941,F,Linden Knoll Staff,Valerie House,,
Linda,Williams,220 Garonoah Rd,Apt. 22,14610,Rochester,NY,apt,linda_williams@rochester.rr.com,617-7545,Y,Y,,,,KathrynSmith,867-5958,daughter, ,no voicemail,high,N,,,N,,,prefers front seat,6/20/2022,Active,,Y,11/1937,F,Internet,Linda Williams,,
Marsha,Tyler,63 Phaeton Dr,,14625,Penfield,NY,house,marsha_tyler@gmail.com,229-4175,,,,,,FrancisTyler,772-950-2400,son,cane,,med,N,,,N,,,emergency contact books appts,4/10/2020,Active,,Y,10/1949,F,,Marsha Tyler,,
James,Powell,892 Johnsarbor Dr,,14620,Rochester,NY,house,james_powell@gmail.com,801-3160,,,,,,JamesPowell,919-1682,niece, ,,med;high,N,,,N,,,,12/3/2020,Active,,Y,2/1940,M,word of mouth,James Powell,,
Rose,Walker,427 Garondah Rd,Apt. 43,14610,Rochester,NY,apt,rose_walker@outlook.com,233-1739,Y,,,,,DanWalker,478-282-6348,niece, ,no voicemail,low;med;high,N,,,N,,phone when you arrive,,1/18/2017,Active,,Y,4/1944,F,Internet,Rose Walker,,
Linda,Hall,55 Wexford Pl N,,14625,Penfield,NY,house,linda_hall@gmail.com,439-3108,,,,,,MargaretWest,557-466-7719,daughter,heavy walker,,med;high,N,,,N,,,,1/17/2018,Active,,Y,4/1940,F,,Linda Hall,,
Janie,Miranda,87 Hunters Ln,Apt. 20,14620,Rochester,NY,apt,,876-895-7680,Y,Y,,,,JohnMiranda,981-7280,son, ,no voicemail,low;med;high,N,,,N,,,,3/31/2022,Active,,Y,5/1944,F,Penfield Rec,Janie Miranda,,
Gary,Gonzales,69 Valley Green Cir,,14625,Penfield,NY,house,,882-1368,Y,Y,350-5900,,,DaveGonzales,205-5308,husband, ,,low;med;high,N,,,N,,,,9/9/2018,Active,,Y,2/1939,M,Penfield Rec,Gary Gonzales,,
Gary,Taylor,117 Belvue Ct,,14625,Penfield,NY,house,gary_taylor@rochester.rr.com,917-4532,Y,Y,401-6714,,,JoanMorales,894-844-8374,wife, ,difficulty hearing;phone before 5,low;med;high,N,,,N,,,,3/15/2022,Active,,N,3/1941,M,BriPen Driver,Gary Taylor,,
Betty,Johnson,64 Penview Dr,,14625,Penfield,NY,townhouse,,188-1742,,,,,,PatriciaCameron,904-6624,daughter,alum walker,no voicemail;phone before 5,med,N,,,N,,,has car; doesn't drive long distances,10/21/2021,Active,,Y,6/1951,F,Brochure,Betty Johnson,,
Gloria,Shaffer,646 Hickory Pond Dr,Apt. 83,14625,Penfield,NY,apt,,502-4423,,,,,,JamesShaffer,523-786-3936,lifespan coordinator, ,,low;med;high,N,,,N,,,over 90;prefers front seat,3/26/2017,Active,,Y,2/1933,F,BriPen Driver,Gloria Shaffer,,
Deborah,Huerta,3397 Meadowlark Dr,,14625,Penfield,NY,house,,705-7685,,,,,,CharlesHuerta,516-558-1441,son,cane,,low,N,,,N,cats,,,7/22/2020,Active,,Y,6/1939,F,Brochure,Deborah Huerta,,
Patricia,Barrett,140 Splendor Wood Dr,Apt. 20,14625,Penfield,NY,apt,,230-136-9703,Y,,224-7986,,,WilliamBarrett,398-5445,lifespan coordinator,alum walker,,med;high,N,,,N,,,,7/1/2018,Active,,Y,9/1947,F,Linden Knoll Staff,Patricia Barrett,,
Norman,Farmer,60 Le Marc Ct,Apt. 72,14610,Rochester,NY,apt,,358-2647,Y,Y,,,,LeonFarmer,887-3700,son, ,,low;med;high,N,,,N,,,,12/8/2017,Active,,Y,10/1944,M,Brochure,Norman Farmer,,
Herbert,Green,656 Rue De Ville,,14618,Rochester,NY,house,,315-8719,,,,,,AliceLindsey,546-838-4612,daughter, ,,low,N,,,N,cats,,,10/17/2018,Active,,Y,5/1956,M,Penfield Rec,Herbert Green,,
Linda,Gibbs,57 Bremen Cir,Apt. 54,14625,Penfield,NY,apt,,213-8281,Y,,248-1047,,,DonaldGibbs,981-6342,son,cane,difficulty hearing,high,N,,,N,,,,3/16/2018,Active,,Y,9/1940,F,Brochure,Linda Gibbs,,
Diane,Hall,50 Dublin Rd,,14625,Penfield,NY,house,diane_hall@yahoo.com,486-3525,Y,,,,,BettyWebster,533-9569,wife,alum walker,phone before 5,med;high,N,,,N,,,,7/4/2025,Active,,N,7/1938,F,word of mouth,Diane Hall,,
Richard,Torres,3011 Acorn Dr,,14625,Penfield,NY,house,richard_torres@gmail.com,414-4018,Y,,,,,WandaSmith,735-1074,friend, ,,high,N,,,N,,,,10/13/2021,Active,,Y,6/1947,M,,Richard Torres,,
Judith,Benson,818 Rainbow Rd,Apt. 18,14618,Rochester,NY,apt,judith_benson@rochester.rr.com,787-9980,Y,,,,,CharlesBenson,152-1890,son,cane,no voicemail,low;med;high,N,,,N,,,over 90,7/16/2025,Temporary Thru,1/28/2026,N,11/1933,F,Linden Knoll Staff,Judith Benson,,
Linda,Meza,141 Locust Hill Apartment,Apt. 5,14610,Rochester,NY,apt,linda_meza@outlook.com,348-220-4456,Y,Y,,,,MarionMeza,405-5818,daughter,cane,,high,N,,,N,,,has car; doesn't drive in winter,11/11/2020,Active,,Y,11/1942,F,,Linda Meza,,
Robert,Wilson,2133 Suburban Ct,Apt. 88,14620,Rochester,NY,apt,robert_wilson@outlook.com,843-9956,,,660-795-8890,Y,,LarryWilson,600-6009,son, ,,low;med;high,N,,,N,,,over 90;Lifespan books appts,4/10/2023,Active,,N,12/1932,M,word of mouth,Robert Wilson,,
Carol,Delacruz,63 Dear Ln,,14610,Rochester,NY,house,,727-7435,,,,,,BeverlyDelacruz,446-4955,daughter, ,,high,N,,,N,smoke,Park outside garage,,3/1/2020,Inactive,,Y,9/1941,F,Brochure,Carol Delacruz,,
Christine,Roberson,94 Autumn Oak Cir,,14625,Penfield,NY,house,christine_roberson@yahoo.com,395-1195,,,559-8546,Y,,CynthiaRodríguez,266-798-6136,friend,alum walker,no voicemail,low;med;high,N,,,N,,phone when you arrive,,8/9/2022,Active,,Y,8/1949,F,Penfield Rec,Christine Roberson,,
Linda,Riley,54 Suburban Ct,,14610,Rochester,NY,house,linda_riley@yahoo.com,276-2274,Y,,702-5732,,,MichaelRiley,683-1393,husband,alum walker,,low;med;high,N,,,Y,,,,2/3/2024,Inactive,,Y,4/1945,F,lifespan,Linda Riley,,
Dwight,Moses,73 Maple Hill Farm Rd,,14625,Penfield,NY,house,dwight_moses@outlook.com,950-890-1207,,,121-4893,,,VirginiaValdez,530-7982,daughter, ,,low;med;high,N,,,N,,,,5/21/2021,Inactive,,Y,5/1946,M,Penfield Rec,Dwight Moses,,
Gregory,Díaz,55 Brandon Woods Dr,,14618,Rochester,NY,house,,876-4534,Y,Y,220-2265,,,EdwinDíaz,311-605-2040,son, ,,high,Y,mixed,50,N,,"park at entrance, lights flashing",,1/8/2018,Active,,Y,5/1947,M,word of mouth,Gregory Díaz,,
Rose,Phelps,77 Grandmas Pond Rd,Apt. 49,14623,Rochester,NY,apt,rose_phelps@rochester.rr.com,318-2830,,,,,,BettyHill,506-5672,daughter, ,,med;high,N,,,N,cats,,,2/23/2022,Active,,Y,11/1952,F,Brochure,Rose Phelps,,
Stephen,Price,57 Whitestone Ln N,Apt. 43,14623,Rochester,NY,apt,stephen_price@gmail.com,923-9724,,,,,,ElaineRoberts,641-9999,daughter,cane,,low;med;high,N,,,N,,,,2/17/2020,Active,,Y,11/1940,M,Penfield Rec,Stephen Price,,
Maxine,Hardin,74 Field Oak Ln,Apt. 26,14625,Penfield,NY,apt,,352-1767,,,,,,CharlesHardin,332-6170,husband, ,,med,N,,,N,,,,3/17/2020,Active,,Y,7/1940,F,word of mouth,Maxine Hardin,,
Judith,Harvey,800 Rock Hill Rd,,14610,Rochester,NY,mobile home,,952-4029,Y,Y,,,,PhilipHarvey,291-8814,son,alum walker,,med;high,N,,,N,,,prefers front seat,7/7/2017,Inactive,,N,2/1943,F,word of mouth,Judith Harvey,,
Janice,Ward,111 Burt La Fountain Rd,Apt. 24,14620,Rochester,NY,apt,janice_ward@outlook.com,741-9553,Y,,684-590-4050,,,CharlesWard,602-4877,sister, ,,high,N,,,N,,,prefers front seat,7/22/2021,Active,,N,7/1944,F,,Janice Ward,,
Dennis,Caldwell,147 Katsura Ct,,14625,Penfield,NY,house,dennis_caldwell@gmail.com,605-799-3143,,,,,,BettyCaldwell,371-602-1627,daughter,cane,poor vision,low,N,,,N,,,,7/19/2024,Active,,Y,11/1956,M,lifespan,Dennis Caldwell,,
Ida,Larson,50 Mountain Ln,Apt. 57,14625,Penfield,NY,apt,,328-4776,,,,,,CliffordLarson,165-5481,son,cane,no voicemail,med,N,,,N,,,has car; doesn't drive long distances,4/16/2019,Active,,Y,2/1957,F,,Ida Larson,,
Diana,Williams,68 Glazer Dr,Apt. 57,14625,Penfield,NY,apt,,753-8711,Y,,,,,CharlesWilliams,884-5394,niece,alum walker,,low;med;high,N,,,N,cats,,,10/10/2022,Active,,N,4/1940,F,,Diana Williams,,
Linda,Walton,70 Todd Ln,Apt. 3,14625,Penfield,NY,apt,,123-5395,,,,,,GeorgeWalton,121-8894,son, ,,low,N,,,N,,"park at entrance, lights flashing",,1/4/2019,Active,,Y,11/1937,F,word of mouth,Linda Walton,,
Hazel,Young,282 Locust Hill Apartment,,14618,Rochester,NY,house,,779-732-4997,Y,,386-7637,,,MarciaGriffith,591-652-8872,friend, ,,med;high,N,,,N,cats,,,3/12/2017,Active,,Y,2/1948,F,Brochure,Hazel Young,,
Ernest,Ball,138 Park Cir,,14610,Rochester,NY,house,,799-4109,,,,,,KarenVelázquez,677-284-8033,daughter, ,,med;high,N,,,N,,,has car; doesn't drive long distances,6/9/2022,Active,,Y,5/1944,M,,Ernest Ball,,
Don,Gentry,236 Summit Cir Dr,,14618,Rochester,NY,house,,907-7620,Y,Y,,,,PaulGentry,607-4343,son,cane,,med,N,,,N,,,emergency contact books appts,4/1/2018,Inactive,,Y,12/1947,M,BriPen Driver,Don Gentry,,
Rosa,Ramírez,114 Suburban Ct,,14620,Rochester,NY,house,rosa_ramírez@gmail.com,711-1661,,,,,,JoyceChavez,854-8673,wife,heavy walker w. seat,,low;med;high,N,,,N,,,,8/1/2018,Active,,Y,12/1943,F,,Rosa Ramírez,,
Patricia,Patton,317 Berman St,,14618,Rochester,NY,house,,977-6227,,,,,,ShirleyMcCoy,193-3809,daughter, ,difficulty hearing,high,N,,,N,,,,11/26/2022,Active,,Y,1/1949,F,,Patricia Patton,,
Willie,Bautista,260 Parham Dr,,14625,Penfield,NY,townhouse,,371-1629,Y,,,,,BarbaraTorres,845-6521,daughter,cane,,high,N,,,N,,,emergency contact books appts,4/23/2023,Active,,Y,4/1949,M,Brochure,Willie Bautista,,
Thomas,Reyes,213 Johnsarbor Dr,,14620,Rochester,NY,house,thomas_reyes@yahoo.com,884-4288,Y,,,,,EdwinReyes,740-469-4239,son, ,,low,N,,,N,,,,5/15/2018,Active,,Y,4/1955,M,word of mouth,Thomas Reyes,,
Carolyn,Johnson,792 Haudenosaunee Trail,Apt. 4,14618,Rochester,NY,apt,,344-1082,Y,Y,,,,WilliamJohnson,107-7671,son, ,,low;med;high,N,,,N,,,,11/20/2024,Active,,Y,8/1938,F,word of mouth,Carolyn Johnson,,
Patricia,Dominguez,206 Park Cir,,14623,Rochester,NY,house,,299-761-6450,Y,,,,,RonaldDominguez,260-2397,niece,heavy walker w. seat,,med;high,N,,,N,,,prefers front seat,6/12/2025,Active,,Y,2/1947,F,Penfield Rec,Patricia Dominguez,,
William,Khan,73 Nevele Creek,,14625,Penfield,NY,house,,865-1838,Y,,,,,ClaudiaRhodes,377-5885,wife,cane,,low,N,,,N,,,over 90,9/21/2019,Active,,N,11/1933,M,Penfield Rec,William Khan,,
Barbara,López,535 Easy St,,14623,Rochester,NY,mobile home,barbara_lópez@rochester.rr.com,290-6056,,,,,,JesseLópez,410-7927,niece,alum walker,,high,N,,,N,,,,9/5/2017,Active,,Y,11/1951,F,,Barbara López,,
Marsha,Chavez,166 Woodland Hill,Apt. 10,14625,Penfield,NY,apt,,318-2969,Y,Y,,,,RonnieChavez,727-1857,son,cane,,low;med;high,N,,,N,,"park at entrance, lights flashing",,7/10/2024,Active,,Y,2/1946,F,,Marsha Chavez,,
Elaine,Dougherty,253 Devonshire Dr,,14625,Penfield,NY,house,,227-9273,Y,,,,,EllenGarcia,299-566-9853,daughter, ,,low;med;high,N,,,N,,"park at entrance, lights flashing",,11/14/2021,Active,,Y,6/1942,F,,Elaine Dougherty,,
Theresa,Good,92 Wildflower Ln,Apt. 60,14625,Penfield,NY,apt,theresa_good@yahoo.com,833-3678,,,,,,DanielGood,937-4014,son,alum walker,difficulty hearing,med,N,,,N,,,,8/6/2021,Active,,Y,1/1939,F,JCC,Theresa Good,,
Linda,Cooper,68 Flower Valley Cir,Apt. 12,14625,Penfield,NY,apt,linda_cooper@rochester.rr.com,913-1588,Y,Y,,,,DavidCooper,605-964-9062,son,alum walker,difficulty hearing,low;med;high,N,,,N,,,has car; doesn't drive long distances,10/22/2017,Active,,Y,12/1950,F,Brochure,Linda Cooper,,
Catherine,Peña,428 Pinnacle Hill Rd,Apt. 31,14620,Rochester,NY,apt,catherine_peña@gmail.com,649-5602,,,,,,MariaReese,563-2192,daughter, ,,high,N,,,N,,,has car; doesn't drive long distances,1/20/2023,Active,,N,5/1946,F,Linden Knoll Staff,Catherine Peña,,
Linda,Luna,63 Northern Dr,,14610,Rochester,NY,house,,356-9386,,,839-5593,Y,Y,DaleLuna,719-335-9939,niece,heavy walker,,low;med;high,N,,,N,,,,12/8/2021,Active,,N,9/1940,F,word of mouth,Linda Luna,,
James,Medrano,181 Parkington Meadow,,14625,Penfield,NY,house,,125-3357,Y,Y,,,,MichaelMedrano,331-4001,son, ,no voicemail,med;high,N,,,N,,,,6/12/2021,Active,,Y,11/1940,M,BriPen Driver,James Medrano,,
Annie,Newton,72 Mapleview Cir,,14625,Penfield,NY,condo,,209-8863,Y,Y,,,,RaymondNewton,952-940-1052,niece, ,,low;med;high,N,,,N,,,,4/1/2025,Active,,Y,8/1943,F,Brochure,Annie Newton,,
Cathy,O'Connor,213 Mckenna Trail,,14625,Penfield,NY,house,,118-4814,Y,Y,,,,MichaelO'Connor,159-3704,son, ,,med;high,N,,,N,,,,9/24/2017,Active,,Y,8/1942,F,BriPen Driver,Cathy O'Connor,,
Leslie,Stanley,128 Brandt Point Dr,Apt. 44,14625,Penfield,NY,apt,leslie_stanley@yahoo.com,404-302-6157,Y,,,,,MichaelStanley,286-9439,sister,heavy walker w. seat,,low,N,,,N,,,over 90;Lifespan books appts,11/6/2019,Active,,Y,3/1934,F,,Leslie Stanley,,
Allan,James,218 Carob Ct,,14625,Penfield,NY,house,allan_james@outlook.com,912-742-1707,Y,Y,,,,ShirleyTaylor,985-7933,daughter, ,,med,N,,,N,,,,2/3/2023,Inactive,,Y,10/1947,M,JCC,Allan James,,
Robert,Randall,255 David Rd,,14610,Rochester,NY,mobile home,,250-2228,,,,,,JimRandall,251-5620,niece, ,no voicemail,low;med;high,N,,,N,,,has car; doesn't drive long distances,12/7/2021,Active,,Y,8/1951,M,BriPen Driver,Robert Randall,,
Paulette,Willis,93 Easy St,,14625,Penfield,NY,mobile home,,379-555-2049,,,,,,SandraWillis,400-6611,daughter, ,,low;med;high,N,,,N,,,,8/17/2025,Active,,N,9/1944,F,Penfield Rec,Paulette Willis,,
Joyce,Kelly,86 Clintwood Ct,,14620,Rochester,NY,house,,769-3095,,,,,,KennethKelly,238-4613,son,alum walker,,low,N,,,N,,,over 90,2/13/2021,Active,,Y,9/1932,F,,Joyce Kelly,,
Peggy,Moreno,125 Tebbutt Rd,Apt. 57,14623,Rochester,NY,apt,peggy_moreno@rochester.rr.com,157-6013,,,,,,JosephMoreno,973-6383,nephew,alum walker,,med;high,N,,,N,,,,3/28/2025,Temporary Thru,8/1/2025,N,12/1939,F,word of mouth,Peggy Moreno,,
Margie,Fox,409 Hornbeam Ln,,14625,Penfield,NY,house,margie_fox@rochester.rr.com,115-938-7475,Y,,296-5985,,,MildredSuárez,456-5439,friend, ,,med,N,,,N,,Park outside garage,has car; doesn't drive long distances,1/6/2025,Active,,Y,10/1950,F,word of mouth,Margie Fox,,
Helen,Pierce,138 Mountain Ln,,14625,Penfield,NY,house,,610-6561,,,,,,RitaBartlett,469-3045,daughter, ,,low;med;high,N,,,N,,,emergency contact books appts,11/28/2019,Active,,Y,2/1940,F,Linden Knoll Staff,Helen Pierce,,
